alternateName,emailAddress,givenName,familyName,jobTitle,imageFile
anna.bailey,anna.bailey@liferay.xyz,Anna,Bailey,Content Creator,anna-bailey-290x290.png
brenda.harvey,brenda.harvey@liferay.xyz,Harvey,Brenda,Content Creator,brenda-harvey-290x290.png
darrell.allen,darrell.allen@liferay.xyz,Darrell,Allen,Content Creator,darrell-allen-290x290.png
emily.zhang,emily.zhang@liferay.xyz,Emily,Zhang,Content Creator,emily-zhang-290x290.png
susan.thomas,susan.thomas@liferay.xyz,Susan,Thomas,Content Creator,susan-thomas-290x290.png
marie.andrews,marie.andrews@mailinator.com,Marie,Andrews,Administrator,marie-andrews-290x290.png
sam.larson,sam.larson@liferay.xyz,Sam,Larson,Portal Content Reviewer,sam-larson-290x290.png
scott.williams,scott.williams@liferay.xyz,Scott,Williams,Administrator,scott-williams-290x290.png
winona.takoda,winona.takoda@liferay.xyz,Winona,Takoda,Portal Content Reviewer,winona-takoda-290x290.png